datetime,carbon_intensity_gco2_kwh,gas_share,wind_share,solar_share,nuclear_share,biomass_share,hydro_share,imports_share,coal_share,other_share
2026-10-01T13:30Z,129.0,28.5,25.1,19.1,11.9,7.7,1.7,4.6,0.0,1.4
2026-10-01T14:00Z,147.0,32.0,23.5,16.9,11.6,7.6,1.7,4.7,0.0,2.0
2026-10-01T14:30Z,158.0,35.2,22.7,14.7,11.4,7.4,2.0,4.6,0.0,2.0
2026-10-01T15:00Z,172.0,38.3,21.6,12.5,11.0,7.2,2.1,4.4,0.0,2.8
2026-10-01T15:30Z,175.0,40.2,20.8,10.0,10.9,7.1,4.2,4.4,0.0,2.4
2026-10-01T16:00Z,187.0,42.9,19.9,7.0,10.9,7.2,5.1,4.4,0.0,2.7
2026-10-01T16:30Z,196.0,44.4,20.3,4.0,11.0,7.2,5.5,4.0,0.0,3.6
2026-10-01T17:00Z,203.0,44.9,20.6,1.5,11.0,7.2,5.6,3.9,0.0,5.3
2026-10-01T17:30Z,205.0,44.6,21.7,0.6,10.9,6.5,5.3,3.8,0.0,6.5
2026-10-01T18:00Z,200.0,44.7,23.8,0.0,11.2,5.6,4.9,3.9,0.0,5.8
2026-10-01T18:30Z,197.0,45.2,25.0,0.0,11.5,5.7,4.2,4.8,0.0,3.7
2026-10-01T19:00Z,195.0,45.9,26.0,0.0,11.7,5.8,3.4,4.9,0.0,2.4
2026-10-01T19:30Z,196.0,45.9,26.3,0.0,11.8,5.9,2.6,4.5,0.0,3.0
2026-10-01T20:00Z,190.0,45.7,27.8,0.0,12.2,6.1,2.6,4.6,0.0,1.0
2026-10-01T20:30Z,189.0,45.2,28.0,0.0,12.4,6.1,2.6,4.3,0.0,1.3
2026-10-01T21:00Z,181.0,43.7,29.3,0.0,12.9,6.4,1.9,4.5,0.0,1.3
2026-10-01T21:30Z,166.0,40.5,31.7,0.0,13.7,7.1,1.9,4.8,0.0,0.5
2026-10-01T22:00Z,159.0,37.7,32.8,0.0,14.1,7.4,2.0,4.9,0.0,1.1
2026-10-01T22:30Z,155.0,36.8,33.6,0.0,14.4,8.0,1.6,5.0,0.0,0.6
2026-10-01T23:00Z,151.0,35.4,33.8,0.0,14.5,8.8,1.6,5.1,0.0,0.7
2026-10-01T23:30Z,151.0,35.4,34.5,0.0,14.3,8.7,1.5,5.0,0.0,0.6
2026-10-02T00:00Z,146.0,34.3,36.0,0.0,14.0,8.7,1.8,4.9,0.0,0.4
2026-10-02T00:30Z,143.0,33.4,37.0,0.0,13.9,8.8,1.6,4.9,0.0,0.5
2026-10-02T01:00Z,142.0,32.9,37.2,0.0,14.0,9.0,1.4,4.9,0.0,0.6
2026-10-02T01:30Z,141.0,32.6,37.1,0.0,14.0,9.0,1.4,4.9,0.0,1.0
2026-10-02T02:00Z,142.0,32.8,37.0,0.0,14.1,9.0,1.5,4.9,0.0,0.7
2026-10-02T02:30Z,146.0,33.5,36.0,0.0,14.0,9.0,1.6,4.9,0.0,1.0
2026-10-02T03:00Z,151.0,35.1,35.1,0.0,14.0,8.8,1.6,4.9,0.0,0.5
2026-10-02T03:30Z,159.0,37.2,33.8,0.0,13.7,8.6,1.6,4.8,0.0,0.3
2026-10-02T04:00Z,163.0,38.5,33.0,0.0,13.4,8.5,1.5,4.7,0.0,0.3
2026-10-02T04:30Z,168.0,38.2,31.4,0.0,13.2,8.4,2.0,4.6,0.0,2.3
2026-10-02T05:00Z,171.0,37.3,29.6,0.0,12.4,7.9,3.8,4.3,0.0,4.6
2026-10-02T05:30Z,175.0,37.0,28.2,0.0,11.9,7.6,4.4,4.1,0.0,6.9
2026-10-02T06:00Z,174.0,36.5,28.6,0.4,11.5,7.3,4.4,4.0,0.0,7.3
2026-10-02T06:30Z,170.0,36.3,30.1,1.2,11.7,7.5,3.4,5.2,0.0,4.7
2026-10-02T07:00Z,164.0,34.3,30.7,2.9,11.7,7.5,2.8,5.5,0.0,4.5
2026-10-02T07:30Z,153.0,31.8,32.1,6.2,11.6,7.5,1.5,7.1,0.0,2.3
2026-10-02T08:00Z,129.0,25.9,34.0,9.2,12.0,7.7,1.7,7.3,0.0,2.1
2026-10-02T08:30Z,106.0,20.6,35.8,12.4,12.5,8.1,1.8,6.9,0.0,1.9
2026-10-02T09:00Z,95.0,17.9,36.9,14.9,12.5,8.0,1.6,6.7,0.0,1.6
2026-10-02T09:30Z,88.0,16.0,38.8,16.6,12.3,7.9,1.5,5.0,0.0,2.0
2026-10-02T10:00Z,77.0,14.1,40.2,18.7,12.0,7.7,1.4,4.4,0.0,1.5
2026-10-02T10:30Z,69.0,13.3,43.1,19.1,12.0,7.5,1.3,2.4,0.0,1.3
2026-10-02T11:00Z,67.0,13.2,44.5,19.0,11.8,6.5,1.3,2.3,0.0,1.4
2026-10-02T11:30Z,70.0,13.0,45.2,18.6,11.6,5.5,1.2,3.4,0.0,1.4
2026-10-02T12:00Z,68.0,13.0,46.1,18.1,11.6,5.5,1.2,3.2,0.0,1.4
2026-10-02T12:30Z,63.0,13.0,47.4,18.0,11.6,7.1,1.1,0.6,0.0,1.2
2026-10-02T13:00Z,65.0,13.0,47.5,17.5,11.4,7.5,1.0,0.6,0.0,1.5
2026-10-02T13:30Z,75.0,15.0,46.4,15.6,11.2,7.4,1.1,1.8,0.0,1.5
2026-10-02T14:00Z,80.0,16.8,46.0,14.0,11.2,7.4,1.1,2.0,0.0,1.6
2026-10-02T14:30Z,95.0,20.4,44.1,11.8,10.9,7.1,1.0,3.2,0.0,1.4
2026-10-02T15:00Z,108.0,22.7,42.9,9.5,10.6,7.0,1.1,3.2,0.0,3.1
2026-10-02T15:30Z,117.0,24.7,41.8,7.7,10.3,6.8,1.6,3.6,0.0,3.7
2026-10-02T16:00Z,131.0,27.1,40.8,5.5,10.1,6.6,1.8,3.5,0.0,4.5
2026-10-02T16:30Z,131.0,27.8,41.4,3.1,10.3,7.0,2.7,3.6,0.0,4.0
2026-10-02T17:00Z,135.0,27.4,41.6,1.2,10.5,7.2,2.7,3.7,0.0,5.7
2026-10-02T17:30Z,141.0,29.6,41.1,0.5,10.7,7.4,2.4,3.7,0.0,4.6
2026-10-02T18:00Z,138.0,29.4,42.1,0.0,10.9,7.7,1.6,3.8,0.0,4.5
2026-10-02T18:30Z,133.0,28.5,42.7,0.0,11.0,8.5,1.6,3.9,0.0,3.8
2026-10-02T19:00Z,129.0,27.7,43.6,0.0,11.1,8.7,1.6,3.9,0.0,3.3
2026-10-02T19:30Z,124.0,27.3,44.7,0.0,11.3,9.0,1.6,3.9,0.0,2.3
2026-10-02T20:00Z,123.0,26.8,44.7,0.0,11.6,9.3,1.4,4.0,0.0,2.1
2026-10-02T20:30Z,128.0,27.7,42.8,0.0,11.8,9.4,1.8,4.1,0.0,2.3
2026-10-02T21:00Z,124.0,28.1,43.2,0.0,12.1,9.6,1.6,4.2,0.0,1.2
2026-10-02T21:30Z,113.0,25.4,45.1,0.0,12.8,10.1,1.5,4.5,0.0,0.7
2026-10-02T22:00Z,111.0,24.2,44.6,0.0,13.1,10.3,1.5,4.6,0.0,1.7
2026-10-02T22:30Z,105.0,23.0,45.7,0.0,13.5,10.7,1.6,4.7,0.0,0.7
2026-10-02T23:00Z,99.0,21.9,46.5,0.0,13.7,10.8,1.6,4.8,0.0,0.7
2026-10-02T23:30Z,87.0,19.2,48.4,0.0,14.2,11.1,1.7,5.3,0.0,0.2
2026-10-03T00:00Z,83.0,17.7,49.2,0.0,14.5,11.3,1.7,5.4,0.0,0.1
2026-10-03T00:30Z,81.0,17.1,49.2,0.0,14.7,11.5,1.7,5.7,0.0,0.2
2026-10-03T01:00Z,81.0,17.0,49.1,0.0,14.8,11.6,1.7,5.8,0.0,0.1
2026-10-03T01:30Z,83.0,17.2,48.5,0.0,15.1,11.7,1.8,5.5,0.0,0.4
2026-10-03T02:00Z,82.0,17.5,48.3,0.0,15.6,11.0,1.9,5.6,0.0,0.2
2026-10-03T02:30Z,83.0,17.9,48.2,0.0,16.1,10.1,2.0,5.8,0.0,0.1
2026-10-03T03:00Z,85.0,18.2,47.0,0.0,16.4,10.2,2.0,5.9,0.0,0.2
2026-10-03T03:30Z,88.0,18.7,45.8,0.0,16.5,10.3,2.1,6.1,0.0,0.5
2026-10-03T04:00Z,93.0,19.8,45.0,0.0,16.4,10.2,1.9,6.2,0.0,0.5
2026-10-03T04:30Z,103.0,22.0,42.5,0.0,16.2,10.1,2.0,6.1,0.0,1.0
2026-10-03T05:00Z,119.0,24.0,38.9,0.0,15.8,9.9,2.0,6.1,0.0,3.2
2026-10-03T05:30Z,127.0,25.7,35.4,0.0,15.8,9.9,2.1,9.8,0.0,1.3
2026-10-03T06:00Z,136.0,25.9,30.5,0.5,15.6,9.8,3.8,10.1,0.0,3.9
2026-10-03T06:30Z,139.0,25.1,25.6,1.4,15.3,9.6,3.1,18.7,0.0,1.4
2026-10-03T07:00Z,139.0,24.0,23.0,3.5,15.2,9.5,2.5,19.2,0.0,3.0
2026-10-03T07:30Z,118.0,18.7,19.6,7.2,14.4,9.0,3.3,25.9,0.0,2.0
2026-10-03T08:00Z,112.0,17.4,18.6,11.0,14.5,9.0,2.0,26.2,0.0,1.4
2026-10-03T08:30Z,104.0,15.3,17.8,14.3,14.3,9.0,2.2,25.4,0.0,1.7
2026-10-03T09:00Z,101.0,14.1,16.7,16.7,14.0,8.7,2.7,24.9,0.0,2.2
2026-10-03T09:30Z,94.0,12.7,16.2,19.7,13.8,8.6,1.4,25.7,0.0,1.8
2026-10-03T10:00Z,86.0,10.7,16.2,22.5,13.5,8.4,1.4,25.1,0.0,2.2
2026-10-03T10:30Z,85.0,11.0,16.0,24.0,13.3,8.3,1.4,24.7,0.0,1.3
2026-10-03T11:00Z,86.0,11.3,15.6,24.9,13.0,8.1,1.4,24.2,0.0,1.5
2026-10-03T11:30Z,86.0,11.7,15.3,25.4,12.9,8.1,1.4,24.1,0.0,1.1
2026-10-03T12:00Z,88.0,12.2,15.0,25.1,13.0,8.1,1.4,24.1,0.0,1.2
2026-10-03T12:30Z,93.0,13.4,15.4,24.1,12.9,8.0,1.4,23.9,0.0,1.0
2026-10-03T13:00Z,103.0,15.8,14.7,23.1,12.7,7.9,1.4,23.4,0.0,1.0
2026-10-03T13:30Z,117.0,19.8,14.2,21.8,13.2,8.2,1.4,19.9,0.0,1.4
2026-10-03T14:00Z,141.0,26.5,12.5,19.0,12.9,8.0,1.4,18.6,0.0,1.1
2026-10-03T14:30Z,165.0,36.8,11.9,16.3,13.0,8.1,2.2,10.0,0.0,1.6
2026-10-03T15:00Z,184.0,42.5,11.3,13.2,12.7,7.8,2.2,9.4,0.0,0.9
2026-10-03T15:30Z,197.0,45.3,11.9,10.4,12.6,7.8,3.4,6.8,0.0,1.7
2026-10-03T16:00Z,208.0,45.9,11.7,6.9,12.6,7.8,3.5,6.6,0.0,4.9
2026-10-03T16:30Z,221.0,46.0,11.3,3.7,12.5,7.7,4.8,5.8,0.0,8.3
2026-10-03T17:00Z,227.0,46.6,11.1,1.4,12.6,7.8,5.1,5.9,0.0,9.6
2026-10-03T17:30Z,225.0,46.3,10.9,0.6,12.5,7.7,5.4,9.2,0.0,7.5
2026-10-03T18:00Z,227.0,47.8,10.8,0.0,12.8,7.9,5.0,9.7,0.0,6.1
2026-10-03T18:30Z,220.0,49.9,11.4,0.0,13.2,8.2,4.9,9.7,0.0,2.7
2026-10-03T19:00Z,224.0,51.3,11.6,0.0,13.5,8.4,3.4,9.9,0.0,1.9
2026-10-03T19:30Z,227.0,52.7,11.9,0.0,13.8,8.9,2.6,8.0,0.0,2.1
2026-10-03T20:00Z,225.0,53.2,12.5,0.0,14.2,9.6,1.9,8.0,0.0,0.6
2026-10-03T20:30Z,224.0,52.8,13.4,0.0,14.2,10.7,2.4,5.1,0.0,1.3
2026-10-03T21:00Z,213.0,50.6,14.9,0.0,14.8,11.5,2.2,5.2,0.0,0.8
2026-10-03T21:30Z,193.0,46.0,17.5,0.0,16.0,12.5,2.2,5.6,0.0,0.3
2026-10-03T22:00Z,187.0,43.1,18.5,0.0,16.4,12.8,2.3,5.8,0.0,1.1
2026-10-03T22:30Z,173.0,40.0,20.3,0.0,16.7,13.1,2.2,7.4,0.0,0.4
2026-10-03T23:00Z,162.0,36.6,22.2,0.0,17.1,13.4,1.9,7.8,0.0,1.0
2026-10-03T23:30Z,140.0,30.5,24.7,0.0,17.4,13.6,1.9,10.9,0.0,0.9
2026-10-04T00:00Z,131.0,27.9,26.3,0.0,17.9,14.0,2.0,11.3,0.0,0.7
2026-10-04T00:30Z,122.0,25.4,26.9,0.0,18.2,14.2,2.0,12.6,0.0,0.7
2026-10-04T01:00Z,119.0,24.1,27.3,0.0,18.3,14.3,2.0,12.7,0.0,1.2
2026-10-04T01:30Z,113.0,23.4,28.7,0.0,18.8,14.6,2.1,12.1,0.0,0.4
2026-10-04T02:00Z,112.0,22.5,29.0,0.0,18.9,14.7,2.1,12.1,0.0,0.6
2026-10-04T02:30Z,115.0,23.9,29.3,0.0,19.2,14.9,2.1,10.3,0.0,0.3
2026-10-04T03:00Z,115.0,23.7,29.0,0.0,19.2,14.9,2.1,10.3,0.0,0.8
2026-10-04T03:30Z,105.0,21.0,29.5,0.0,18.5,14.4,2.1,13.7,0.0,0.8
2026-10-04T04:00Z,103.0,20.6,29.7,0.0,18.7,14.5,2.1,14.0,0.0,0.4
2026-10-04T04:30Z,109.0,21.2,30.1,0.0,18.3,14.2,2.2,12.2,0.0,1.8
2026-10-04T05:00Z,111.0,21.4,30.8,0.0,17.7,13.7,2.2,11.7,0.0,2.6
2026-10-04T05:30Z,111.0,22.7,33.1,0.0,18.1,14.0,2.9,7.9,0.0,1.3
2026-10-04T06:00Z,113.0,22.4,33.1,0.6,17.4,13.5,2.7,7.5,0.0,2.8
2026-10-04T06:30Z,106.0,21.0,33.7,1.8,16.8,13.1,2.2,10.2,0.0,1.2
2026-10-04T07:00Z,102.0,20.1,33.5,4.4,16.3,12.6,2.0,10.0,0.0,1.1
2026-10-04T07:30Z,90.0,16.3,32.0,9.0,15.2,11.6,1.7,13.1,0.0,1.1
2026-10-04T08:00Z,76.0,12.8,33.0,13.0,14.8,10.3,1.7,13.1,0.0,1.4
2026-10-04T08:30Z,65.0,8.7,31.8,16.4,14.2,7.8,1.4,18.1,0.0,1.6
2026-10-04T09:00Z,58.0,6.2,31.2,20.1,13.9,6.9,1.4,17.8,0.0,2.5
2026-10-04T09:30Z,57.0,5.8,30.1,21.7,13.1,6.8,1.1,19.1,0.0,2.3
2026-10-04T10:00Z,54.0,5.4,29.6,24.1,12.5,7.5,1.0,18.3,0.0,1.6
2026-10-04T10:30Z,55.0,5.3,29.2,24.9,12.0,6.8,1.0,19.5,0.0,1.4
2026-10-04T11:00Z,56.0,5.2,29.4,25.3,11.7,6.6,1.0,19.1,0.0,1.6
2026-10-04T11:30Z,56.0,5.7,29.2,25.6,11.7,6.5,1.0,18.8,0.0,1.5
2026-10-04T12:00Z,59.0,6.2,28.6,25.0,11.6,7.4,1.3,18.5,0.0,1.4
2026-10-04T12:30Z,61.0,6.8,29.1,24.7,11.8,8.1,1.3,16.5,0.0,1.8
2026-10-04T13:00Z,65.0,8.4,28.9,23.4,11.8,8.5,1.3,16.4,0.0,1.3
2026-10-04T13:30Z,61.0,10.3,30.4,21.4,12.1,7.7,1.7,15.3,0.0,1.0
2026-10-04T14:00Z,75.0,13.7,31.2,19.4,12.0,5.9,1.7,15.2,0.0,0.9
2026-10-04T14:30Z,93.0,18.0,29.5,15.9,11.7,7.1,1.6,14.4,0.0,1.8
2026-10-04T15:00Z,111.0,21.8,28.4,12.6,11.3,8.1,1.5,13.6,0.0,2.6
2026-10-04T15:30Z,141.0,27.9,28.0,9.4,11.1,8.6,3.5,6.1,0.0,5.5
2026-10-04T16:00Z,155.0,32.0,27.7,5.9,11.0,8.6,3.8,5.5,0.0,5.4
2026-10-04T16:30Z,167.0,34.9,28.5,3.0,11.1,8.5,4.2,3.9,0.0,6.1
2026-10-04T17:00Z,171.0,37.3,29.3,1.0,11.2,8.4,3.9,3.9,0.0,5.0
2026-10-04T17:30Z,173.0,37.7,29.9,0.4,11.2,8.7,3.8,3.9,0.0,4.3
2026-10-04T18:00Z,171.0,38.1,31.0,0.0,11.6,9.0,3.2,4.0,0.0,3.0
2026-10-04T18:30Z,167.0,38.3,31.9,0.0,11.6,9.1,3.0,4.1,0.0,2.1
2026-10-04T19:00Z,166.0,38.4,31.7,0.0,12.0,9.4,3.0,4.2,0.0,1.3
2026-10-04T19:30Z,164.0,37.6,32.6,0.0,12.1,9.4,2.2,4.2,0.0,1.9
2026-10-04T20:00Z,148.0,33.7,35.2,0.0,12.7,9.9,2.1,4.4,0.0,2.0
2026-10-04T20:30Z,133.0,29.6,37.3,0.0,13.6,10.6,2.1,4.8,0.0,2.0
2026-10-04T21:00Z,122.0,27.1,38.8,0.0,14.3,11.2,2.1,5.0,0.0,1.5
2026-10-04T21:30Z,107.0,23.4,40.9,0.0,15.1,11.8,2.1,5.3,0.0,1.3
2026-10-04T22:00Z,105.0,22.2,41.7,0.0,15.5,12.1,2.2,5.4,0.0,0.9
2026-10-04T22:30Z,106.0,22.6,41.7,0.0,15.3,11.9,2.3,5.3,0.0,0.7
2026-10-04T23:00Z,99.0,21.3,43.2,0.0,15.3,12.0,2.1,5.2,0.0,0.9
2026-10-04T23:30Z,97.0,20.5,45.2,0.0,15.5,12.0,2.1,3.6,0.0,1.1
2026-10-05T00:00Z,96.0,19.6,46.0,0.0,15.4,12.0,2.1,3.5,0.0,1.4
2026-10-05T00:30Z,95.0,20.2,46.5,0.0,15.3,11.9,2.1,3.5,0.0,0.5
2026-10-05T01:00Z,91.0,19.1,47.0,0.0,15.5,12.1,2.1,3.7,0.0,0.7
2026-10-05T01:30Z,86.0,18.3,47.6,0.0,15.3,12.0,2.1,4.2,0.0,0.6
2026-10-05T02:00Z,82.0,17.2,49.0,0.0,15.2,11.9,2.0,4.2,0.0,0.5
2026-10-05T02:30Z,89.0,18.3,48.7,0.0,14.9,11.7,2.1,3.9,0.0,0.5
2026-10-05T03:00Z,88.0,18.6,48.5,0.0,14.9,11.7,2.1,3.8,0.0,0.5
2026-10-05T03:30Z,86.0,17.7,49.6,0.0,15.0,11.7,2.1,3.4,0.0,0.6
2026-10-05T04:00Z,87.0,18.2,49.8,0.0,14.7,11.4,1.9,3.4,0.0,0.5
2026-10-05T04:30Z,101.0,21.0,46.6,0.0,14.0,10.9,1.8,5.0,0.0,0.8
2026-10-05T05:00Z,109.0,22.5,44.7,0.0,13.4,10.4,1.8,5.0,0.0,2.2
2026-10-05T05:30Z,115.0,22.5,43.6,0.0,13.0,10.1,1.9,4.5,0.0,4.5
2026-10-05T06:00Z,119.0,22.0,42.5,0.4,12.4,9.6,1.8,4.3,0.0,7.0
2026-10-05T06:30Z,105.0,18.0,45.5,1.0,12.6,9.8,1.7,5.8,0.0,5.5
2026-10-05T07:00Z,97.0,17.9,46.5,2.6,12.6,9.8,1.6,6.0,0.0,3.0
2026-10-05T07:30Z,91.0,14.6,45.5,5.4,12.3,9.4,1.5,8.0,0.0,3.2
2026-10-05T08:00Z,87.0,13.6,44.3,7.9,12.2,9.0,1.4,8.1,0.0,3.5
2026-10-05T08:30Z,75.0,10.9,43.7,10.1,12.0,7.9,1.4,12.3,0.0,1.8
2026-10-05T09:00Z,67.0,9.5,44.3,12.4,11.8,6.6,1.4,12.4,0.0,1.6
2026-10-05T09:30Z,63.0,8.8,43.3,13.9,11.3,5.0,1.3,15.2,0.0,1.2
2026-10-05T10:00Z,61.0,8.7,42.3,16.3,11.1,4.1,1.3,15.1,0.0,1.2
2026-10-05T10:30Z,57.0,8.4,42.0,17.6,10.8,3.9,1.1,15.0,0.0,1.2
2026-10-05T11:00Z,57.0,8.6,40.7,18.9,11.0,3.9,1.1,15.1,0.0,0.7
2026-10-05T11:30Z,55.0,8.7,40.6,19.6,11.1,4.0,1.1,14.3,0.0,0.6
2026-10-05T12:00Z,56.0,8.8,39.8,19.8,11.3,4.0,1.2,14.3,0.0,0.7
2026-10-05T12:30Z,56.0,9.3,42.1,19.6,11.8,4.4,1.2,9.3,0.0,2.2
2026-10-05T13:00Z,60.0,10.1,42.5,18.4,11.8,5.2,1.3,9.1,0.0,1.6
2026-10-05T13:30Z,74.0,12.8,41.6,16.7,12.2,5.7,1.3,8.3,0.0,1.3
2026-10-05T14:00Z,87.0,15.9,39.8,14.9,12.2,6.4,1.3,7.9,0.0,1.6
2026-10-05T14:30Z,114.0,23.5,36.4,11.9,11.7,8.4,1.7,3.7,0.0,2.7
2026-10-05T15:00Z,133.0,28.7,33.9,9.8,11.3,8.7,1.7,3.7,0.0,2.3
2026-10-05T15:30Z,152.0,31.8,30.3,7.2,10.6,8.2,3.0,3.7,0.0,5.3
2026-10-05T16:00Z,165.0,33.4,27.5,4.8,10.5,8.2,4.9,3.7,0.0,7.2
2026-10-05T16:30Z,178.0,36.4,25.9,2.3,10.7,8.3,5.1,3.7,0.0,7.7
2026-10-05T17:00Z,189.0,38.3,24.2,0.9,10.7,8.4,4.9,3.7,0.0,8.9
2026-10-05T17:30Z,190.0,40.3,23.9,0.4,11.2,8.7,5.1,4.3,0.0,6.1
2026-10-05T18:00Z,189.0,40.5,24.2,0.0,11.6,9.0,5.0,4.5,0.0,5.2
2026-10-05T18:30Z,180.0,39.1,24.7,0.0,12.1,9.2,4.1,8.3,0.0,2.5
2026-10-05T19:00Z,180.0,39.6,25.3,0.0,12.5,9.6,2.9,8.8,0.0,1.4
2026-10-05T19:30Z,179.0,39.0,25.0,0.0,13.0,10.0,3.0,8.9,0.0,1.2
2026-10-05T20:00Z,178.0,39.1,24.4,0.0,13.5,10.3,3.2,9.2,0.0,0.3
2026-10-05T20:30Z,179.0,39.9,23.0,0.0,14.2,11.0,3.4,7.9,0.0,0.6
2026-10-05T21:00Z,177.0,39.4,22.3,0.0,14.8,11.4,3.4,8.2,0.0,0.5
2026-10-05T21:30Z,180.0,40.8,22.3,0.0,15.1,11.7,2.8,5.6,0.0,1.7
2026-10-05T22:00Z,181.0,41.0,21.8,0.0,15.6,12.1,2.0,5.8,0.0,1.7
2026-10-05T22:30Z,181.0,40.5,21.3,0.0,15.6,12.3,1.9,7.8,0.0,0.5
2026-10-05T23:00Z,183.0,41.1,20.5,0.0,15.7,12.3,2.1,8.0,0.0,0.3
2026-10-05T23:30Z,184.0,40.8,20.0,0.0,15.7,12.3,2.1,8.9,0.0,0.2
2026-10-06T00:00Z,185.0,40.8,19.0,0.0,15.9,12.6,2.1,9.1,0.0,0.4
2026-10-06T00:30Z,181.0,39.8,18.0,0.0,15.9,12.6,2.1,11.2,0.0,0.4
2026-10-06T01:00Z,184.0,40.6,17.4,0.0,16.0,12.3,2.1,11.4,0.0,0.3
2026-10-06T01:30Z,184.0,41.2,16.8,0.0,16.3,12.7,2.1,10.6,0.0,0.3
2026-10-06T02:00Z,185.0,41.4,16.3,0.0,16.5,12.8,2.1,10.5,0.0,0.3
2026-10-06T02:30Z,194.0,44.9,15.9,0.0,16.9,13.5,2.2,6.5,0.0,0.3
2026-10-06T03:00Z,203.0,46.6,14.4,0.0,16.3,13.1,2.1,6.2,0.0,1.3
2026-10-06T03:30Z,216.0,49.9,13.0,0.0,15.5,12.5,2.1,5.4,0.0,1.5
2026-10-06T04:00Z,220.0,50.6,11.7,0.0,15.1,12.1,3.0,5.3,0.0,2.2
2026-10-06T04:30Z,226.0,49.3,10.2,0.0,14.2,11.3,4.0,5.0,0.0,6.0
2026-10-06T05:00Z,230.0,48.0,8.5,0.0,13.2,10.5,5.6,4.6,0.0,9.5
2026-10-06T05:30Z,231.0,48.3,8.1,0.0,13.0,10.3,5.6,5.5,0.0,9.3
2026-10-06T06:00Z,231.0,46.9,7.9,0.3,12.6,10.1,5.6,5.3,0.0,11.3
2026-10-06T06:30Z,221.0,47.4,8.6,1.0,12.9,10.3,3.4,11.3,0.0,5.2
2026-10-06T07:00Z,217.0,46.7,8.6,2.6,12.7,10.1,2.9,11.9,0.0,4.4
2026-10-06T07:30Z,209.0,44.2,8.0,5.6,12.1,9.7,1.9,16.6,0.0,1.8
2026-10-06T08:00Z,203.0,43.0,7.3,8.4,12.0,9.5,1.9,16.6,0.0,1.2
2026-10-06T08:30Z,195.0,40.8,6.7,10.8,11.8,9.4,1.6,17.7,0.0,1.2
2026-10-06T09:00Z,190.0,39.7,6.2,12.9,11.6,9.3,1.6,17.5,0.0,1.2
2026-10-06T09:30Z,181.0,37.1,5.4,14.5,11.3,9.1,1.2,20.1,0.0,1.4
2026-10-06T10:00Z,176.0,36.2,5.3,16.4,11.1,8.8,1.1,19.8,0.0,1.4
2026-10-06T10:30Z,178.0,35.5,4.9,16.9,11.0,8.6,1.1,20.5,0.0,1.6
2026-10-06T11:00Z,178.0,35.7,5.0,16.8,11.0,8.4,1.1,20.5,0.0,1.5
2026-10-06T11:30Z,176.0,34.8,4.7,17.4,11.1,8.5,1.1,20.6,0.0,1.9
2026-10-06T12:00Z,177.0,34.8,4.6,17.2,11.2,8.9,1.1,20.5,0.0,1.7
2026-10-06T12:30Z,187.0,38.7,4.5,17.4,11.4,9.2,1.1,15.8,0.0,1.7
2026-10-06T13:00Z,190.0,39.7,4.3,16.6,11.4,9.2,1.5,15.6,0.0,1.6
2026-10-06T13:30Z,193.0,42.7,4.5,14.9,11.5,9.2,1.8,13.9,0.0,1.6
2026-10-06T14:00Z,202.0,44.9,4.7,12.6,11.4,9.1,1.9,13.8,0.0,1.5
2026-10-06T14:30Z,202.0,45.6,4.5,11.0,11.4,9.2,2.7,13.4,0.0,2.2
2026-10-06T15:00Z,206.0,45.8,4.4,9.3,11.2,9.0,4.6,13.1,0.0,2.6
2026-10-06T15:30Z,223.0,48.6,4.6,7.1,11.0,8.9,5.4,9.8,0.0,4.6
2026-10-06T16:00Z,233.0,50.4,4.5,4.5,11.0,8.9,5.5,9.6,0.0,5.6
2026-10-06T16:30Z,245.0,51.3,4.4,2.1,11.3,9.1,5.8,7.1,0.0,8.8
2026-10-06T17:00Z,247.0,52.0,4.8,0.8,11.3,9.1,5.9,7.1,0.0,9.1
2026-10-06T17:30Z,238.0,50.6,5.2,0.3,11.3,9.1,6.0,10.3,0.0,7.2
2026-10-06T18:00Z,234.0,50.3,5.3,0.0,11.6,9.3,6.8,10.7,0.0,6.0
2026-10-06T18:30Z,230.0,50.1,5.5,0.0,11.9,9.5,5.3,13.0,0.0,4.8
2026-10-06T19:00Z,227.0,55.9,7.2,0.0,14.3,11.9,0.0,10.6,0.0,0.0
2026-10-06T19:30Z,239.0,54.8,7.8,0.0,14.7,11.6,0.0,11.0,0.0,0.0
2026-10-06T20:00Z,242.0,54.0,8.2,0.0,15.0,11.6,0.0,11.2,0.0,0.0
2026-10-06T20:30Z,240.0,54.5,8.3,0.0,15.2,10.3,0.0,11.6,0.0,0.0
2026-10-06T21:00Z,234.0,53.8,8.7,0.0,15.7,10.4,0.0,11.4,0.0,0.0
2026-10-06T21:30Z,229.0,53.6,9.0,0.0,15.7,10.2,0.0,11.5,0.0,0.0
2026-10-06T22:00Z,224.0,53.1,9.5,0.0,15.7,10.1,0.0,11.6,0.0,0.0
2026-10-06T22:30Z,217.0,52.9,10.0,0.0,15.4,10.1,0.0,11.5,0.0,0.0
2026-10-06T23:00Z,213.0,52.8,10.9,0.0,15.4,10.4,0.0,10.4,0.0,0.0
2026-10-06T23:30Z,207.0,50.7,11.6,0.0,15.6,10.4,0.0,11.6,0.0,0.0
2026-10-07T00:00Z,210.0,47.4,12.5,0.0,16.4,10.6,0.0,13.1,0.0,0.0
2026-10-07T00:30Z,207.0,47.2,12.9,0.0,16.6,10.2,0.0,13.1,0.0,0.0
2026-10-07T01:00Z,206.0,47.6,12.2,0.0,14.4,11.5,2.1,11.7,0.0,0.5
2026-10-07T01:30Z,202.0,46.6,12.9,0.0,14.1,11.3,2.2,12.2,0.0,0.6
2026-10-07T02:00Z,202.0,46.6,13.5,0.0,14.2,11.3,2.0,12.0,0.0,0.4
2026-10-07T02:30Z,209.0,48.4,14.6,0.0,14.7,11.8,2.0,7.7,0.0,0.8
2026-10-07T03:00Z,214.0,49.8,14.3,0.0,14.5,11.6,1.9,7.2,0.0,0.7
2026-10-07T03:30Z,214.0,50.4,14.7,0.0,14.8,11.8,2.8,5.2,0.0,0.4
2026-10-07T04:00Z,216.0,50.9,14.8,0.0,14.5,11.6,2.7,4.9,0.0,0.6
2026-10-07T04:30Z,221.0,50.3,15.0,0.0,13.8,11.0,3.6,3.3,0.0,3.0
2026-10-07T05:00Z,222.0,48.7,14.4,0.0,12.8,10.3,5.0,3.0,0.0,5.8
2026-10-07T05:30Z,217.0,47.6,14.5,0.0,12.3,9.8,5.7,4.2,0.0,5.9
2026-10-07T06:00Z,216.0,45.8,14.9,0.2,11.8,9.4,5.6,4.1,0.0,8.2
2026-10-07T06:30Z,210.0,44.8,16.7,0.4,12.1,9.7,4.5,5.7,0.0,6.0
2026-10-07T07:00Z,206.0,43.4,17.7,1.1,11.9,9.6,3.5,6.2,0.0,6.5
2026-10-07T07:30Z,177.0,36.6,18.9,2.3,11.8,9.6,2.3,16.4,0.0,2.0
2026-10-07T08:00Z,171.0,35.1,19.3,3.5,11.8,9.5,2.5,16.9,0.0,1.3
2026-10-07T08:30Z,164.0,33.2,20.9,4.5,11.9,9.6,2.3,16.3,0.0,1.3
2026-10-07T09:00Z,149.0,30.0,22.6,5.7,12.0,9.7,3.0,16.3,0.0,0.6
2026-10-07T09:30Z,141.0,27.6,24.7,7.5,12.2,9.9,2.8,14.3,0.0,1.0
2026-10-07T10:00Z,131.0,25.4,26.6,8.9,12.0,9.8,2.6,14.1,0.0,0.7
2026-10-07T10:30Z,123.0,23.4,27.9,9.9,11.6,9.4,1.5,15.6,0.0,0.8
2026-10-07T11:00Z,120.0,22.2,28.6,11.1,11.4,9.3,1.3,15.1,0.0,1.1
2026-10-07T11:30Z,125.0,24.8,31.2,11.8,11.3,9.2,1.3,9.5,0.0,1.0
2026-10-07T12:00Z,113.0,22.3,34.5,11.8,11.4,9.2,1.3,9.0,0.0,0.6
2026-10-07T12:30Z,114.0,24.3,36.3,12.1,11.5,9.3,1.2,4.3,0.0,0.9
2026-10-07T13:00Z,117.0,25.3,36.1,11.7,11.5,9.2,1.3,4.0,0.0,0.9
2026-10-07T13:30Z,121.0,26.9,37.1,11.1,11.5,9.3,1.4,2.0,0.0,0.8
2026-10-07T14:00Z,125.0,28.4,37.6,9.9,11.1,8.9,1.4,2.0,0.0,0.7
2026-10-07T14:30Z,117.0,25.5,38.7,8.8,10.9,8.7,2.5,2.9,0.0,1.9
2026-10-07T15:00Z,121.0,26.2,38.4,7.5,10.5,8.6,3.6,2.9,0.0,2.3
2026-10-07T15:30Z,130.0,28.3,37.0,6.0,10.1,8.3,4.0,3.5,0.0,2.9
2026-10-07T16:00Z,136.0,29.2,37.3,3.8,9.9,8.1,4.6,3.4,0.0,3.8
2026-10-07T16:30Z,136.0,28.6,38.5,1.8,9.8,8.0,5.4,3.1,0.0,4.7
2026-10-07T17:00Z,141.0,29.2,38.6,0.7,9.8,7.9,5.2,3.1,0.0,5.6
2026-10-07T17:30Z,133.0,27.7,42.1,0.3,10.5,7.9,3.2,3.6,0.0,4.9
2026-10-07T18:00Z,125.0,25.0,44.3,0.0,10.7,8.0,2.5,3.7,0.0,5.6
2026-10-07T18:30Z,109.0,20.4,46.7,0.0,11.2,8.4,2.2,5.9,0.0,5.2
2026-10-07T19:00Z,100.0,19.9,48.7,0.0,11.5,8.6,2.2,6.3,0.0,2.8
2026-10-07T19:30Z,86.0,16.9,50.5,0.0,12.0,9.0,1.9,7.2,0.0,2.6
2026-10-07T20:00Z,73.0,14.2,53.5,0.0,12.4,9.4,1.6,7.4,0.0,1.6
2026-10-07T20:30Z,62.0,11.4,56.5,0.0,13.0,9.8,1.6,6.6,0.0,1.1
2026-10-07T21:00Z,52.0,9.1,57.9,0.0,13.5,10.1,1.6,7.0,0.0,0.9
2026-10-07T21:30Z,47.0,6.7,55.2,0.0,13.0,9.2,1.5,13.4,0.0,1.1
2026-10-07T22:00Z,46.0,6.5,55.2,0.0,13.1,8.9,1.5,13.7,0.0,1.1
2026-10-07T22:30Z,47.0,6.6,55.1,0.0,13.1,9.4,1.5,13.1,0.0,1.1
2026-10-07T23:00Z,46.0,6.5,55.4,0.0,13.1,9.8,1.5,13.1,0.0,0.6
2026-10-07T23:30Z,45.0,6.5,56.0,0.0,13.3,9.3,1.4,13.2,0.0,0.4
2026-10-08T00:00Z,46.0,6.7,55.3,0.0,13.3,9.4,1.4,13.2,0.0,0.7
2026-10-08T00:30Z,46.0,6.7,55.3,0.0,13.2,9.7,1.3,13.4,0.0,0.4
2026-10-08T01:00Z,45.0,6.6,55.6,0.0,13.2,9.3,1.4,13.4,0.0,0.6
2026-10-08T01:30Z,45.0,6.5,55.9,0.0,13.2,9.4,1.3,13.2,0.0,0.4
2026-10-08T02:00Z,45.0,6.6,55.8,0.0,13.4,9.1,1.3,13.3,0.0,0.4
2026-10-08T02:30Z,49.0,6.9,54.2,0.0,13.4,9.0,1.3,13.7,0.0,1.5
2026-10-08T03:00Z,49.0,6.9,53.6,0.0,13.6,9.5,1.4,13.9,0.0,1.0
2026-10-08T03:30Z,49.0,7.0,53.0,0.0,13.7,10.0,1.4,14.1,0.0,0.9
2026-10-08T04:00Z,48.0,6.8,53.0,0.0,13.7,10.1,1.4,14.4,0.0,0.6
2026-10-08T04:30Z,49.0,7.0,51.8,0.0,13.5,10.1,1.4,15.4,0.0,0.7
2026-10-08T05:00Z,58.0,7.1,48.9,0.0,12.9,9.7,2.4,14.9,0.0,4.1
2026-10-08T05:30Z,65.0,6.8,45.6,0.0,12.4,9.3,3.3,16.2,0.0,6.4
2026-10-08T06:00Z,72.0,6.7,43.4,0.3,11.9,9.0,3.9,15.9,0.0,8.9
2026-10-08T06:30Z,74.0,6.5,42.7,1.1,11.9,9.0,2.9,20.3,0.0,5.6
2026-10-08T07:00Z,68.0,5.9,41.4,2.9,12.1,9.1,3.8,20.9,0.0,4.0
2026-10-08T07:30Z,63.0,5.0,39.5,7.2,12.1,9.1,2.3,22.5,0.0,2.3
2026-10-08T08:00Z,59.0,4.2,37.1,11.2,12.0,9.0,2.1,22.2,0.0,2.1
2026-10-08T08:30Z,57.0,3.9,34.2,14.8,12.0,9.0,2.1,22.0,0.0,1.9
2026-10-08T09:00Z,56.0,3.8,32.3,17.5,11.7,8.8,2.2,21.6,0.0,2.1
2026-10-08T09:30Z,53.0,3.6,31.3,20.1,11.8,8.0,2.3,21.2,0.0,1.7
2026-10-08T10:00Z,51.0,3.7,30.8,22.6,11.9,4.9,2.8,21.4,0.0,1.8
2026-10-08T10:30Z,51.0,3.9,30.4,23.7,11.7,3.9,2.5,21.6,0.0,2.3
2026-10-08T11:00Z,54.0,4.2,28.4,24.3,11.8,3.9,2.6,21.9,0.0,2.9
2026-10-08T11:30Z,57.0,4.3,27.2,24.4,11.9,4.0,2.8,22.0,0.0,3.5
2026-10-08T12:00Z,55.0,4.3,27.5,24.4,11.9,4.1,2.8,22.1,0.0,2.9
2026-10-08T12:30Z,57.0,4.5,28.5,23.2,11.9,5.2,2.8,20.6,0.0,3.3
2026-10-08T13:00Z,58.0,5.2,28.3,21.9,11.8,8.1,2.8,20.4,0.0,1.5
2026-10-08T13:30Z,60.0,5.7,29.1,19.5,12.0,8.8,2.9,20.8,0.0,1.2
