month,monitoring_window_months,reference_period,monitoring_period,monthly_average_price,trigger_price,ccm_triggered,contract_reference,currency,source,source_url,downloaded_at,published_at,notes
2021-08,3,1 May 2019 - 30 Apr 2021,"May, June, July",44.15,44.74,No,,GBP,GOV.UK UK ETS Cost Containment Mechanism table,https://www.gov.uk/government/publications/taking-part-in-the-uk-emissions-trading-scheme-markets/cost-containment-mechanism-ccm-trigger-prices-and-average-monthly-prices-full-table,2026-07-07T10:21Z,2026-07-02,Official GOV.UK CCM table. Monthly average price is the final monthly average in the 3-month monitoring period; blank values indicate GOV.UK TBD rows.
2021-09,3,1 June 2019 - 31 May 2021,"June, July, Aug",48.55,45.9,No,,GBP,GOV.UK UK ETS Cost Containment Mechanism table,https://www.gov.uk/government/publications/taking-part-in-the-uk-emissions-trading-scheme-markets/cost-containment-mechanism-ccm-trigger-prices-and-average-monthly-prices-full-table,2026-07-07T10:21Z,2026-07-02,Official GOV.UK CCM table. Monthly average price is the final monthly average in the 3-month monitoring period; blank values indicate GOV.UK TBD rows.
2021-10,3,1 July 2019 - 30 June 2021,"July, Aug, Sep",58.36,48.37,No,,GBP,GOV.UK UK ETS Cost Containment Mechanism table,https://www.gov.uk/government/publications/taking-part-in-the-uk-emissions-trading-scheme-markets/cost-containment-mechanism-ccm-trigger-prices-and-average-monthly-prices-full-table,2026-07-07T10:21Z,2026-07-02,Official GOV.UK CCM table. Monthly average price is the final monthly average in the 3-month monitoring period; blank values indicate GOV.UK TBD rows.
2021-11,3,1 Aug 2019 - 31 July 2021,"Aug, Sep, Oct",60.98,50.37,No,,GBP,GOV.UK UK ETS Cost Containment Mechanism table,https://www.gov.uk/government/publications/taking-part-in-the-uk-emissions-trading-scheme-markets/cost-containment-mechanism-ccm-trigger-prices-and-average-monthly-prices-full-table,2026-07-07T10:21Z,2026-07-02,Official GOV.UK CCM table. Monthly average price is the final monthly average in the 3-month monitoring period; blank values indicate GOV.UK TBD rows.
2021-12,3,1 Sep 2019 - 31 Aug 2021,"Sep, Oct, Nov",60.5,52.88,Yes,,GBP,GOV.UK UK ETS Cost Containment Mechanism table,https://www.gov.uk/government/publications/taking-part-in-the-uk-emissions-trading-scheme-markets/cost-containment-mechanism-ccm-trigger-prices-and-average-monthly-prices-full-table,2026-07-07T10:21Z,2026-07-02,Official GOV.UK CCM table. Monthly average price is the final monthly average in the 3-month monitoring period; blank values indicate GOV.UK TBD rows.
2022-01,3,1 Oct 2019 - 30 Sep 2021,"Oct, Nov, Dec",74.87,56.58,Yes,,GBP,GOV.UK UK ETS Cost Containment Mechanism table,https://www.gov.uk/government/publications/taking-part-in-the-uk-emissions-trading-scheme-markets/cost-containment-mechanism-ccm-trigger-prices-and-average-monthly-prices-full-table,2026-07-07T10:21Z,2026-07-02,Official GOV.UK CCM table. Monthly average price is the final monthly average in the 3-month monitoring period; blank values indicate GOV.UK TBD rows.
2022-02,3,1 Nov 2019 - 31 Oct 2021,"Nov, Dec, Jan",76.7,75.76,No,,GBP,GOV.UK UK ETS Cost Containment Mechanism table,https://www.gov.uk/government/publications/taking-part-in-the-uk-emissions-trading-scheme-markets/cost-containment-mechanism-ccm-trigger-prices-and-average-monthly-prices-full-table,2026-07-07T10:21Z,2026-07-02,Official GOV.UK CCM table. Monthly average price is the final monthly average in the 3-month monitoring period; blank values indicate GOV.UK TBD rows.
2022-03,3,1 Dec 2019 - 30 Nov 2021,"Dec, Jan, Feb",84.85,80.9,No,,GBP,GOV.UK UK ETS Cost Containment Mechanism table,https://www.gov.uk/government/publications/taking-part-in-the-uk-emissions-trading-scheme-markets/cost-containment-mechanism-ccm-trigger-prices-and-average-monthly-prices-full-table,2026-07-07T10:21Z,2026-07-02,Official GOV.UK CCM table. Monthly average price is the final monthly average in the 3-month monitoring period; blank values indicate GOV.UK TBD rows.
2022-04,3,1 Jan 2020 - 31 Dec 2021,"Jan, Feb, Mar",75.9,87.99,No,,GBP,GOV.UK UK ETS Cost Containment Mechanism table,https://www.gov.uk/government/publications/taking-part-in-the-uk-emissions-trading-scheme-markets/cost-containment-mechanism-ccm-trigger-prices-and-average-monthly-prices-full-table,2026-07-07T10:21Z,2026-07-02,Official GOV.UK CCM table. Monthly average price is the final monthly average in the 3-month monitoring period; blank values indicate GOV.UK TBD rows.
2022-05,3,1 Feb 2020 - 31 Jan 2022,"Feb, Mar, Apr",77.9,95.06,No,,GBP,GOV.UK UK ETS Cost Containment Mechanism table,https://www.gov.uk/government/publications/taking-part-in-the-uk-emissions-trading-scheme-markets/cost-containment-mechanism-ccm-trigger-prices-and-average-monthly-prices-full-table,2026-07-07T10:21Z,2026-07-02,Official GOV.UK CCM table. Monthly average price is the final monthly average in the 3-month monitoring period; blank values indicate GOV.UK TBD rows.
2022-06,3,1 Mar 2020 - 28 Feb 2022,"Mar, Apr, May",83.71,102.74,No,,GBP,GOV.UK UK ETS Cost Containment Mechanism table,https://www.gov.uk/government/publications/taking-part-in-the-uk-emissions-trading-scheme-markets/cost-containment-mechanism-ccm-trigger-prices-and-average-monthly-prices-full-table,2026-07-07T10:21Z,2026-07-02,Official GOV.UK CCM table. Monthly average price is the final monthly average in the 3-month monitoring period; blank values indicate GOV.UK TBD rows.
2022-07,3,1 Apr 2020 - 31 Mar 2022,"Apr, May, Jun",82.04,110.55,No,,GBP,GOV.UK UK ETS Cost Containment Mechanism table,https://www.gov.uk/government/publications/taking-part-in-the-uk-emissions-trading-scheme-markets/cost-containment-mechanism-ccm-trigger-prices-and-average-monthly-prices-full-table,2026-07-07T10:21Z,2026-07-02,Official GOV.UK CCM table. Monthly average price is the final monthly average in the 3-month monitoring period; blank values indicate GOV.UK TBD rows.
2022-08,3,1 May 2020 - 30 Apr 2022,"May, Jun, Jul",80.93,117.71,No,,GBP,GOV.UK UK ETS Cost Containment Mechanism table,https://www.gov.uk/government/publications/taking-part-in-the-uk-emissions-trading-scheme-markets/cost-containment-mechanism-ccm-trigger-prices-and-average-monthly-prices-full-table,2026-07-07T10:21Z,2026-07-02,Official GOV.UK CCM table. Monthly average price is the final monthly average in the 3-month monitoring period; blank values indicate GOV.UK TBD rows.
2022-09,3,1 Jun 2020 - 31 May 2022,"Jun, Jul, Aug",89.05,126.13,No,,GBP,GOV.UK UK ETS Cost Containment Mechanism table,https://www.gov.uk/government/publications/taking-part-in-the-uk-emissions-trading-scheme-markets/cost-containment-mechanism-ccm-trigger-prices-and-average-monthly-prices-full-table,2026-07-07T10:21Z,2026-07-02,Official GOV.UK CCM table. Monthly average price is the final monthly average in the 3-month monitoring period; blank values indicate GOV.UK TBD rows.
2022-10,3,1 Jul 2020 - 30 Jun 2022,"Jul, Aug, Sep",79.41,134.06,No,,GBP,GOV.UK UK ETS Cost Containment Mechanism table,https://www.gov.uk/government/publications/taking-part-in-the-uk-emissions-trading-scheme-markets/cost-containment-mechanism-ccm-trigger-prices-and-average-monthly-prices-full-table,2026-07-07T10:21Z,2026-07-02,Official GOV.UK CCM table. Monthly average price is the final monthly average in the 3-month monitoring period; blank values indicate GOV.UK TBD rows.
2022-11,3,1 Aug 2020 - 31 Jul 2022,"Aug, Sep, Oct",72.96,141.41,No,,GBP,GOV.UK UK ETS Cost Containment Mechanism table,https://www.gov.uk/government/publications/taking-part-in-the-uk-emissions-trading-scheme-markets/cost-containment-mechanism-ccm-trigger-prices-and-average-monthly-prices-full-table,2026-07-07T10:21Z,2026-07-02,Official GOV.UK CCM table. Monthly average price is the final monthly average in the 3-month monitoring period; blank values indicate GOV.UK TBD rows.
2022-12,3,1 Sep 2020 - 31 Aug 2022,"Sep, Oct, Nov",70.5,149.86,No,,GBP,GOV.UK UK ETS Cost Containment Mechanism table,https://www.gov.uk/government/publications/taking-part-in-the-uk-emissions-trading-scheme-markets/cost-containment-mechanism-ccm-trigger-prices-and-average-monthly-prices-full-table,2026-07-07T10:21Z,2026-07-02,Official GOV.UK CCM table. Monthly average price is the final monthly average in the 3-month monitoring period; blank values indicate GOV.UK TBD rows.
2023-01,3,1 Oct 2020 - 30 Sep 2022,"Oct, Nov, Dec",77.58,156.91,No,,GBP,GOV.UK UK ETS Cost Containment Mechanism table,https://www.gov.uk/government/publications/taking-part-in-the-uk-emissions-trading-scheme-markets/cost-containment-mechanism-ccm-trigger-prices-and-average-monthly-prices-full-table,2026-07-07T10:21Z,2026-07-02,Official GOV.UK CCM table. Monthly average price is the final monthly average in the 3-month monitoring period; blank values indicate GOV.UK TBD rows.
2023-02,6,1 Aug 2020 - 31 Jul 2022,"Aug, Sep, Oct, Nov, Dec, Jan",69.09,169.69,No,,GBP,GOV.UK UK ETS Cost Containment Mechanism table,https://www.gov.uk/government/publications/taking-part-in-the-uk-emissions-trading-scheme-markets/cost-containment-mechanism-ccm-trigger-prices-and-average-monthly-prices-full-table,2026-07-07T10:21Z,2026-07-02,Official GOV.UK CCM table. Monthly average price is the final monthly average in the 6-month monitoring period; blank values indicate GOV.UK TBD rows.
2023-03,6,1 Sep 2020 - 31 Aug 2022,"Sep, Oct, Nov, Dec, Jan, Feb",82.82,179.83,No,,GBP,GOV.UK UK ETS Cost Containment Mechanism table,https://www.gov.uk/government/publications/taking-part-in-the-uk-emissions-trading-scheme-markets/cost-containment-mechanism-ccm-trigger-prices-and-average-monthly-prices-full-table,2026-07-07T10:21Z,2026-07-02,Official GOV.UK CCM table. Monthly average price is the final monthly average in the 6-month monitoring period; blank values indicate GOV.UK TBD rows.
2023-04,6,1 Oct 2020 - 30 Sep 2022,"Oct, Nov, Dec, Jan, Feb, Mar",77.23,188.3,No,,GBP,GOV.UK UK ETS Cost Containment Mechanism table,https://www.gov.uk/government/publications/taking-part-in-the-uk-emissions-trading-scheme-markets/cost-containment-mechanism-ccm-trigger-prices-and-average-monthly-prices-full-table,2026-07-07T10:21Z,2026-07-02,Official GOV.UK CCM table. Monthly average price is the final monthly average in the 6-month monitoring period; blank values indicate GOV.UK TBD rows.
2023-05,6,1 Nov 2020 - 31 Oct 2022,"Nov, Dec, Jan, Feb, Mar, Apr",68.92,196.08,No,,GBP,GOV.UK UK ETS Cost Containment Mechanism table,https://www.gov.uk/government/publications/taking-part-in-the-uk-emissions-trading-scheme-markets/cost-containment-mechanism-ccm-trigger-prices-and-average-monthly-prices-full-table,2026-07-07T10:21Z,2026-07-02,Official GOV.UK CCM table. Monthly average price is the final monthly average in the 6-month monitoring period; blank values indicate GOV.UK TBD rows.
2023-06,6,1 Dec 2020 - 30 Nov 2022,"Dec, Jan, Feb, Mar, Apr, May",57.68,203.09,No,,GBP,GOV.UK UK ETS Cost Containment Mechanism table,https://www.gov.uk/government/publications/taking-part-in-the-uk-emissions-trading-scheme-markets/cost-containment-mechanism-ccm-trigger-prices-and-average-monthly-prices-full-table,2026-07-07T10:21Z,2026-07-02,Official GOV.UK CCM table. Monthly average price is the final monthly average in the 6-month monitoring period; blank values indicate GOV.UK TBD rows.
2023-07,6,19 May 2021 - 31 Dec 2022,"Jan, Feb, Mar, Apr, May, Jun",54.77,210.76,No,,GBP,GOV.UK UK ETS Cost Containment Mechanism table,https://www.gov.uk/government/publications/taking-part-in-the-uk-emissions-trading-scheme-markets/cost-containment-mechanism-ccm-trigger-prices-and-average-monthly-prices-full-table,2026-07-07T10:21Z,2026-07-02,Official GOV.UK CCM table. Monthly average price is the final monthly average in the 6-month monitoring period; blank values indicate GOV.UK TBD rows.
2023-08,6,19 May 2021 - 31 Jan 2023,"Feb, Mar, Apr, May, Jun, Jul",49.79,210.59,No,,GBP,GOV.UK UK ETS Cost Containment Mechanism table,https://www.gov.uk/government/publications/taking-part-in-the-uk-emissions-trading-scheme-markets/cost-containment-mechanism-ccm-trigger-prices-and-average-monthly-prices-full-table,2026-07-07T10:21Z,2026-07-02,Official GOV.UK CCM table. Monthly average price is the final monthly average in the 6-month monitoring period; blank values indicate GOV.UK TBD rows.
2023-09,6,19 May 2021 - 28 Feb 2023,"Mar, Apr, May, Jun, Jul, Aug",43.62,212.23,No,,GBP,GOV.UK UK ETS Cost Containment Mechanism table,https://www.gov.uk/government/publications/taking-part-in-the-uk-emissions-trading-scheme-markets/cost-containment-mechanism-ccm-trigger-prices-and-average-monthly-prices-full-table,2026-07-07T10:21Z,2026-07-02,Official GOV.UK CCM table. Monthly average price is the final monthly average in the 6-month monitoring period; blank values indicate GOV.UK TBD rows.
2023-10,6,19 May 2021 - 31 Mar 2023,"Apr, May, Jun, Jul, Aug, Sep",39.16,213.15,No,,GBP,GOV.UK UK ETS Cost Containment Mechanism table,https://www.gov.uk/government/publications/taking-part-in-the-uk-emissions-trading-scheme-markets/cost-containment-mechanism-ccm-trigger-prices-and-average-monthly-prices-full-table,2026-07-07T10:21Z,2026-07-02,Official GOV.UK CCM table. Monthly average price is the final monthly average in the 6-month monitoring period; blank values indicate GOV.UK TBD rows.
2023-11,6,19 May 2021 - 30 Apr 2023,"May, Jun, Jul, Aug, Sep, Oct",43.48,212.91,No,,GBP,GOV.UK UK ETS Cost Containment Mechanism table,https://www.gov.uk/government/publications/taking-part-in-the-uk-emissions-trading-scheme-markets/cost-containment-mechanism-ccm-trigger-prices-and-average-monthly-prices-full-table,2026-07-07T10:21Z,2026-07-02,Official GOV.UK CCM table. Monthly average price is the final monthly average in the 6-month monitoring period; blank values indicate GOV.UK TBD rows.
2023-12,6,1 Jun 2021 - 31 May 2023,"Jun, Jul, Aug, Sep, Oct, Nov",41.89,212.28,No,,GBP,GOV.UK UK ETS Cost Containment Mechanism table,https://www.gov.uk/government/publications/taking-part-in-the-uk-emissions-trading-scheme-markets/cost-containment-mechanism-ccm-trigger-prices-and-average-monthly-prices-full-table,2026-07-07T10:21Z,2026-07-02,Official GOV.UK CCM table. Monthly average price is the final monthly average in the 6-month monitoring period; blank values indicate GOV.UK TBD rows.
2024-01,6,1 Jul 2021 - 30 June 2023,"Jul, Aug, Sep, Oct, Nov, Dec",39.31,213.38,No,,GBP,GOV.UK UK ETS Cost Containment Mechanism table,https://www.gov.uk/government/publications/taking-part-in-the-uk-emissions-trading-scheme-markets/cost-containment-mechanism-ccm-trigger-prices-and-average-monthly-prices-full-table,2026-07-07T10:21Z,2026-07-02,Official GOV.UK CCM table. Monthly average price is the final monthly average in the 6-month monitoring period; blank values indicate GOV.UK TBD rows.
2024-02,6,1 Aug 2021 - 31 July 2023,"Aug, Sep, Oct, Nov, Dec, Jan",36.98,214.23,No,,GBP,GOV.UK UK ETS Cost Containment Mechanism table,https://www.gov.uk/government/publications/taking-part-in-the-uk-emissions-trading-scheme-markets/cost-containment-mechanism-ccm-trigger-prices-and-average-monthly-prices-full-table,2026-07-07T10:21Z,2026-07-02,Official GOV.UK CCM table. Monthly average price is the final monthly average in the 6-month monitoring period; blank values indicate GOV.UK TBD rows.
2024-03,6,1 Sep 2021 - 31 Aug 2023,"Sep, Oct, Nov, Dec, Jan, Feb",35.35,213.44,No,,GBP,GOV.UK UK ETS Cost Containment Mechanism table,https://www.gov.uk/government/publications/taking-part-in-the-uk-emissions-trading-scheme-markets/cost-containment-mechanism-ccm-trigger-prices-and-average-monthly-prices-full-table,2026-07-07T10:21Z,2026-07-02,Official GOV.UK CCM table. Monthly average price is the final monthly average in the 6-month monitoring period; blank values indicate GOV.UK TBD rows.
2024-04,6,1 Oct 2021 - 30 Sep 2023,"Oct, Nov, Dec, Jan, Feb, Mar",36.6,211.18,No,,GBP,GOV.UK UK ETS Cost Containment Mechanism table,https://www.gov.uk/government/publications/taking-part-in-the-uk-emissions-trading-scheme-markets/cost-containment-mechanism-ccm-trigger-prices-and-average-monthly-prices-full-table,2026-07-07T10:21Z,2026-07-02,Official GOV.UK CCM table. Monthly average price is the final monthly average in the 6-month monitoring period; blank values indicate GOV.UK TBD rows.
2024-05,6,1 Nov 2021 - 31 Oct 2023,"Nov, Dec, Jan, Feb, Mar, Apr",35.95,208.9,No,,GBP,GOV.UK UK ETS Cost Containment Mechanism table,https://www.gov.uk/government/publications/taking-part-in-the-uk-emissions-trading-scheme-markets/cost-containment-mechanism-ccm-trigger-prices-and-average-monthly-prices-full-table,2026-07-07T10:21Z,2026-07-02,Official GOV.UK CCM table. Monthly average price is the final monthly average in the 6-month monitoring period; blank values indicate GOV.UK TBD rows.
2024-06,6,1 Dec 2021 - 30 Nov 2023,"Dec, Jan, Feb, Mar, Apr, May",41.05,206.53,No,,GBP,GOV.UK UK ETS Cost Containment Mechanism table,https://www.gov.uk/government/publications/taking-part-in-the-uk-emissions-trading-scheme-markets/cost-containment-mechanism-ccm-trigger-prices-and-average-monthly-prices-full-table,2026-07-07T10:21Z,2026-07-02,Official GOV.UK CCM table. Monthly average price is the final monthly average in the 6-month monitoring period; blank values indicate GOV.UK TBD rows.
2024-07,6,1 Jan 2022 - 31 Dec 2023,"Jan, Feb, Mar, Apr, May, Jun",47.44,202.29,No,,GBP,GOV.UK UK ETS Cost Containment Mechanism table,https://www.gov.uk/government/publications/taking-part-in-the-uk-emissions-trading-scheme-markets/cost-containment-mechanism-ccm-trigger-prices-and-average-monthly-prices-full-table,2026-07-07T10:21Z,2026-07-02,Official GOV.UK CCM table. Monthly average price is the final monthly average in the 6-month monitoring period; blank values indicate GOV.UK TBD rows.
2024-08,6,1 Feb 2022 - 31 Jan 2024,"Feb, Mar, Apr, May, Jun, Jul",41.78,197.27,No,,GBP,GOV.UK UK ETS Cost Containment Mechanism table,https://www.gov.uk/government/publications/taking-part-in-the-uk-emissions-trading-scheme-markets/cost-containment-mechanism-ccm-trigger-prices-and-average-monthly-prices-full-table,2026-07-07T10:21Z,2026-07-02,Official GOV.UK CCM table. Monthly average price is the final monthly average in the 6-month monitoring period; blank values indicate GOV.UK TBD rows.
2024-09,6,1 Mar 2022 - 29 Feb 2024,"Mar, Apr, May, Jun, Jul, Aug",39.92,191.36,No,,GBP,GOV.UK UK ETS Cost Containment Mechanism table,https://www.gov.uk/government/publications/taking-part-in-the-uk-emissions-trading-scheme-markets/cost-containment-mechanism-ccm-trigger-prices-and-average-monthly-prices-full-table,2026-07-07T10:21Z,2026-07-02,Official GOV.UK CCM table. Monthly average price is the final monthly average in the 6-month monitoring period; blank values indicate GOV.UK TBD rows.
2024-10,6,1 Apr 2022 - 31 Mar 2024,"Apr, May, Jun, Jul, Aug, Sep",40.47,186.57,No,,GBP,GOV.UK UK ETS Cost Containment Mechanism table,https://www.gov.uk/government/publications/taking-part-in-the-uk-emissions-trading-scheme-markets/cost-containment-mechanism-ccm-trigger-prices-and-average-monthly-prices-full-table,2026-07-07T10:21Z,2026-07-02,Official GOV.UK CCM table. Monthly average price is the final monthly average in the 6-month monitoring period; blank values indicate GOV.UK TBD rows.
2024-11,6,1 May 2022 - 30 Apr 2024,"May, Jun, Jul, Aug, Sep, Oct",38.01,181.4,No,,GBP,GOV.UK UK ETS Cost Containment Mechanism table,https://www.gov.uk/government/publications/taking-part-in-the-uk-emissions-trading-scheme-markets/cost-containment-mechanism-ccm-trigger-prices-and-average-monthly-prices-full-table,2026-07-07T10:21Z,2026-07-02,Official GOV.UK CCM table. Monthly average price is the final monthly average in the 6-month monitoring period; blank values indicate GOV.UK TBD rows.
2024-12,6,1 June 2022 - 31 May 2024,"Jun, Jul, Aug, Sep, Oct, Nov",37.67,175.85,No,,GBP,GOV.UK UK ETS Cost Containment Mechanism table,https://www.gov.uk/government/publications/taking-part-in-the-uk-emissions-trading-scheme-markets/cost-containment-mechanism-ccm-trigger-prices-and-average-monthly-prices-full-table,2026-07-07T10:21Z,2026-07-02,Official GOV.UK CCM table. Monthly average price is the final monthly average in the 6-month monitoring period; blank values indicate GOV.UK TBD rows.
2025-01,6,1 July 2022 - 30 June 2024,"Jul, Aug, Sep, Oct, Nov, Dec",35.84,171.56,No,,GBP,GOV.UK UK ETS Cost Containment Mechanism table,https://www.gov.uk/government/publications/taking-part-in-the-uk-emissions-trading-scheme-markets/cost-containment-mechanism-ccm-trigger-prices-and-average-monthly-prices-full-table,2026-07-07T10:21Z,2026-07-02,Official GOV.UK CCM table. Monthly average price is the final monthly average in the 6-month monitoring period; blank values indicate GOV.UK TBD rows.
2025-02,6,1 August 2022 - 31 July 2024,"Aug, Sep, Oct, Nov, Dec, Jan",35.84,166.62,No,,GBP,GOV.UK UK ETS Cost Containment Mechanism table,https://www.gov.uk/government/publications/taking-part-in-the-uk-emissions-trading-scheme-markets/cost-containment-mechanism-ccm-trigger-prices-and-average-monthly-prices-full-table,2026-07-07T10:21Z,2026-07-02,Official GOV.UK CCM table. Monthly average price is the final monthly average in the 6-month monitoring period; blank values indicate GOV.UK TBD rows.
2025-03,6,1 September 2022 - 31 August 2024,"Sep, Oct, Nov, Dec, Jan, Feb",44.31,160.15,No,,GBP,GOV.UK UK ETS Cost Containment Mechanism table,https://www.gov.uk/government/publications/taking-part-in-the-uk-emissions-trading-scheme-markets/cost-containment-mechanism-ccm-trigger-prices-and-average-monthly-prices-full-table,2026-07-07T10:21Z,2026-07-02,Official GOV.UK CCM table. Monthly average price is the final monthly average in the 6-month monitoring period; blank values indicate GOV.UK TBD rows.
2025-04,6,1 October 2022 - 30 September 2024,"Oct, Nov, Dec, Jan, Feb, Mar",43.27,155.25,No,,GBP,GOV.UK UK ETS Cost Containment Mechanism table,https://www.gov.uk/government/publications/taking-part-in-the-uk-emissions-trading-scheme-markets/cost-containment-mechanism-ccm-trigger-prices-and-average-monthly-prices-full-table,2026-07-07T10:21Z,2026-07-02,Official GOV.UK CCM table. Monthly average price is the final monthly average in the 6-month monitoring period; blank values indicate GOV.UK TBD rows.
2025-05,6,1 November 2022 - 31 October 2024,"Nov, Dec, Jan, Feb, Mar, Apr",45.78,150.84,No,,GBP,GOV.UK UK ETS Cost Containment Mechanism table,https://www.gov.uk/government/publications/taking-part-in-the-uk-emissions-trading-scheme-markets/cost-containment-mechanism-ccm-trigger-prices-and-average-monthly-prices-full-table,2026-07-07T10:21Z,2026-07-02,Official GOV.UK CCM table. Monthly average price is the final monthly average in the 6-month monitoring period; blank values indicate GOV.UK TBD rows.
2025-06,6,1 December 2022 - 30 November 2024,"Dec, Jan, Feb, Mar, Apr, May",51.34,146.72,No,,GBP,GOV.UK UK ETS Cost Containment Mechanism table,https://www.gov.uk/government/publications/taking-part-in-the-uk-emissions-trading-scheme-markets/cost-containment-mechanism-ccm-trigger-prices-and-average-monthly-prices-full-table,2026-07-07T10:21Z,2026-07-02,Official GOV.UK CCM table. Monthly average price is the final monthly average in the 6-month monitoring period; blank values indicate GOV.UK TBD rows.
2025-07,6,1 January 2023 - 31 December 2024,"Jan, Feb, Mar, Apr, May, Jun",51.12,141.63,No,,GBP,GOV.UK UK ETS Cost Containment Mechanism table,https://www.gov.uk/government/publications/taking-part-in-the-uk-emissions-trading-scheme-markets/cost-containment-mechanism-ccm-trigger-prices-and-average-monthly-prices-full-table,2026-07-07T10:21Z,2026-07-02,Official GOV.UK CCM table. Monthly average price is the final monthly average in the 6-month monitoring period; blank values indicate GOV.UK TBD rows.
2025-08,6,1 February 2023 - 31 January 2025,"Feb, Mar, Apr, May, Jun, Jul",49.17,137.39,No,,GBP,GOV.UK UK ETS Cost Containment Mechanism table,https://www.gov.uk/government/publications/taking-part-in-the-uk-emissions-trading-scheme-markets/cost-containment-mechanism-ccm-trigger-prices-and-average-monthly-prices-full-table,2026-07-07T10:21Z,2026-07-02,Official GOV.UK CCM table. Monthly average price is the final monthly average in the 6-month monitoring period; blank values indicate GOV.UK TBD rows.
2025-09,6,1 March 2023 - 28 February 2025,"Mar, Apr, May, Jun, Jul, Aug",51.43,132.92,No,,GBP,GOV.UK UK ETS Cost Containment Mechanism table,https://www.gov.uk/government/publications/taking-part-in-the-uk-emissions-trading-scheme-markets/cost-containment-mechanism-ccm-trigger-prices-and-average-monthly-prices-full-table,2026-07-07T10:21Z,2026-07-02,Official GOV.UK CCM table. Monthly average price is the final monthly average in the 6-month monitoring period; blank values indicate GOV.UK TBD rows.
2025-10,6,1 April 2023 - 31 March 2025,"Apr, May, Jun, Jul, Aug, Sep",56.19,128.38,No,,GBP,GOV.UK UK ETS Cost Containment Mechanism table,https://www.gov.uk/government/publications/taking-part-in-the-uk-emissions-trading-scheme-markets/cost-containment-mechanism-ccm-trigger-prices-and-average-monthly-prices-full-table,2026-07-07T10:21Z,2026-07-02,Official GOV.UK CCM table. Monthly average price is the final monthly average in the 6-month monitoring period; blank values indicate GOV.UK TBD rows.
2025-11,6,1 May 2023 - 30 April 2025,"May, Jun, Jul, Aug, Sep, Oct",55.54,125.86,No,,GBP,GOV.UK UK ETS Cost Containment Mechanism table,https://www.gov.uk/government/publications/taking-part-in-the-uk-emissions-trading-scheme-markets/cost-containment-mechanism-ccm-trigger-prices-and-average-monthly-prices-full-table,2026-07-07T10:21Z,2026-07-02,Official GOV.UK CCM table. Monthly average price is the final monthly average in the 6-month monitoring period; blank values indicate GOV.UK TBD rows.
2025-12,6,1 June 2023 - 31 May 2025,"Jun, Jul, Aug, Sep, Oct, Nov",57.41,124.96,No,,GBP,GOV.UK UK ETS Cost Containment Mechanism table,https://www.gov.uk/government/publications/taking-part-in-the-uk-emissions-trading-scheme-markets/cost-containment-mechanism-ccm-trigger-prices-and-average-monthly-prices-full-table,2026-07-07T10:21Z,2026-07-02,Official GOV.UK CCM table. Monthly average price is the final monthly average in the 6-month monitoring period; blank values indicate GOV.UK TBD rows.
2026-01,6,1 July 2023 - 30 June 2025,"Jul, Aug, Sep, Oct, Nov, Dec",62.13,124.44,No,,GBP,GOV.UK UK ETS Cost Containment Mechanism table,https://www.gov.uk/government/publications/taking-part-in-the-uk-emissions-trading-scheme-markets/cost-containment-mechanism-ccm-trigger-prices-and-average-monthly-prices-full-table,2026-07-07T10:21Z,2026-07-02,Official GOV.UK CCM table. Monthly average price is the final monthly average in the 6-month monitoring period; blank values indicate GOV.UK TBD rows.
2026-02,6,1 August 2023 - 31 July 2025,"Aug, Sep, Oct, Nov, Dec, Jan",68.26,124.45,No,,GBP,GOV.UK UK ETS Cost Containment Mechanism table,https://www.gov.uk/government/publications/taking-part-in-the-uk-emissions-trading-scheme-markets/cost-containment-mechanism-ccm-trigger-prices-and-average-monthly-prices-full-table,2026-07-07T10:21Z,2026-07-02,Official GOV.UK CCM table. Monthly average price is the final monthly average in the 6-month monitoring period; blank values indicate GOV.UK TBD rows.
2026-03,6,1 September 2023 - 31 August 2025,"Sep, Oct, Nov, Dec, Jan, Feb",50.83,125.38,No,,GBP,GOV.UK UK ETS Cost Containment Mechanism table,https://www.gov.uk/government/publications/taking-part-in-the-uk-emissions-trading-scheme-markets/cost-containment-mechanism-ccm-trigger-prices-and-average-monthly-prices-full-table,2026-07-07T10:21Z,2026-07-02,Official GOV.UK CCM table. Monthly average price is the final monthly average in the 6-month monitoring period; blank values indicate GOV.UK TBD rows.
2026-04,6,1 October 2023 - 30 September 2025,"Oct, Nov, Dec, Jan, Feb, Mar",39.46,127.54,No,,GBP,GOV.UK UK ETS Cost Containment Mechanism table,https://www.gov.uk/government/publications/taking-part-in-the-uk-emissions-trading-scheme-markets/cost-containment-mechanism-ccm-trigger-prices-and-average-monthly-prices-full-table,2026-07-07T10:21Z,2026-07-02,Official GOV.UK CCM table. Monthly average price is the final monthly average in the 6-month monitoring period; blank values indicate GOV.UK TBD rows.
2026-05,6,1 November 2023 - 31 October 2025,"Nov, Dec, Jan, Feb, Mar, Apr",46.82,129.16,No,,GBP,GOV.UK UK ETS Cost Containment Mechanism table,https://www.gov.uk/government/publications/taking-part-in-the-uk-emissions-trading-scheme-markets/cost-containment-mechanism-ccm-trigger-prices-and-average-monthly-prices-full-table,2026-07-07T10:21Z,2026-07-02,Official GOV.UK CCM table. Monthly average price is the final monthly average in the 6-month monitoring period; blank values indicate GOV.UK TBD rows.
2026-06,6,1 December 2023 - 30 November 2025,"Dec, Jan, Feb, Mar, Apr, May",52.41,130.98,No,,GBP,GOV.UK UK ETS Cost Containment Mechanism table,https://www.gov.uk/government/publications/taking-part-in-the-uk-emissions-trading-scheme-markets/cost-containment-mechanism-ccm-trigger-prices-and-average-monthly-prices-full-table,2026-07-07T10:21Z,2026-07-02,Official GOV.UK CCM table. Monthly average price is the final monthly average in the 6-month monitoring period; blank values indicate GOV.UK TBD rows.
2026-07,6,1 January 2024 - 31 December 2025,"Jan, Feb, Mar, Apr, May, Jun",,133.85,No,,GBP,GOV.UK UK ETS Cost Containment Mechanism table,https://www.gov.uk/government/publications/taking-part-in-the-uk-emissions-trading-scheme-markets/cost-containment-mechanism-ccm-trigger-prices-and-average-monthly-prices-full-table,2026-07-07T10:21Z,2026-07-02,Official GOV.UK CCM table. Monthly average price is the final monthly average in the 6-month monitoring period; blank values indicate GOV.UK TBD rows.
2026-08,6,1 February 2024 - 31 January 2026,"Feb, Mar, Apr, May, Jun, Jul",,137.71,No,,GBP,GOV.UK UK ETS Cost Containment Mechanism table,https://www.gov.uk/government/publications/taking-part-in-the-uk-emissions-trading-scheme-markets/cost-containment-mechanism-ccm-trigger-prices-and-average-monthly-prices-full-table,2026-07-07T10:21Z,2026-07-02,Official GOV.UK CCM table. Monthly average price is the final monthly average in the 6-month monitoring period; blank values indicate GOV.UK TBD rows.
2026-09,6,1 March 2024 - 28 February 2026,"Mar, Apr, May, Jun, Jul, Aug",,139.57,No,,GBP,GOV.UK UK ETS Cost Containment Mechanism table,https://www.gov.uk/government/publications/taking-part-in-the-uk-emissions-trading-scheme-markets/cost-containment-mechanism-ccm-trigger-prices-and-average-monthly-prices-full-table,2026-07-07T10:21Z,2026-07-02,Official GOV.UK CCM table. Monthly average price is the final monthly average in the 6-month monitoring period; blank values indicate GOV.UK TBD rows.
2026-10,6,1 April 2024 - 31 March 2026,"Apr, May, Jun, Jul, Aug, Sep",,139.82,No,,GBP,GOV.UK UK ETS Cost Containment Mechanism table,https://www.gov.uk/government/publications/taking-part-in-the-uk-emissions-trading-scheme-markets/cost-containment-mechanism-ccm-trigger-prices-and-average-monthly-prices-full-table,2026-07-07T10:21Z,2026-07-02,Official GOV.UK CCM table. Monthly average price is the final monthly average in the 6-month monitoring period; blank values indicate GOV.UK TBD rows.
2026-11,6,1 May 2024 - 30 April 2026,"May, Jun, Jul, Aug, Sep, Oct",,141.21,No,,GBP,GOV.UK UK ETS Cost Containment Mechanism table,https://www.gov.uk/government/publications/taking-part-in-the-uk-emissions-trading-scheme-markets/cost-containment-mechanism-ccm-trigger-prices-and-average-monthly-prices-full-table,2026-07-07T10:21Z,2026-07-02,Official GOV.UK CCM table. Monthly average price is the final monthly average in the 6-month monitoring period; blank values indicate GOV.UK TBD rows.
2026-12,6,1 June 2024 - 31 May 2026,"Jun, Jul, Aug, Sep, Oct, Nov",,142.68,TBD,,GBP,GOV.UK UK ETS Cost Containment Mechanism table,https://www.gov.uk/government/publications/taking-part-in-the-uk-emissions-trading-scheme-markets/cost-containment-mechanism-ccm-trigger-prices-and-average-monthly-prices-full-table,2026-07-07T10:21Z,2026-07-02,Official GOV.UK CCM table. Monthly average price is the final monthly average in the 6-month monitoring period; blank values indicate GOV.UK TBD rows.
